{
  "per_month": {
    "1": {
      "sac_reward": -0.4019260425567627,
      "rbc_reward": -0.3899260461330414,
      "gap": 0.01199999451637268,
      "grad_dh_at_sac": 0.0,
      "grad_dc_at_sac": -0.0900000000000003
    },
    "4": {
      "sac_reward": -0.3534486179351806,
      "rbc_reward": -0.33544859290122986,
      "gap": 0.018000036478042603,
      "grad_dh_at_sac": 0.0,
      "grad_dc_at_sac": -0.06000000000000033
    },
    "7": {
      "sac_reward": -0.43226828384399407,
      "rbc_reward": -0.18926827609539032,
      "gap": 0.24300001561641693,
      "grad_dh_at_sac": 0.0,
      "grad_dc_at_sac": 0.18999999999999967
    },
    "10": {
      "sac_reward": -0.4322721462249755,
      "rbc_reward": -0.41427215933799744,
      "gap": 0.017999976873397827,
      "grad_dh_at_sac": 0.0,
      "grad_dc_at_sac": -0.060000000000000386
    }
  },
  "avg_grad_h": 0.0,
  "avg_grad_c": -0.0050000000000003375,
  "avg_grad_magnitude": 0.0050000000000003375,
  "sac_learned_point": [
    13.3,
    23.3
  ]
}